{"cameraMode":{"drawMode":0,"name":"Shaded","section":"Shading Mode"},"sceneLighting":true,"audioPlay":false,"sceneViewState":{"m_AlwaysRefresh":false,"showFog":true,"showSkybox":true,"showFlares":true,"showImageEffects":true,"showParticleSystems":true,"showVisualEffectGraphs":true,"m_FxEnabled":true},"in2DMode":false,"pivot":{"x":108.9529037475586,"y":-752.2848510742188,"z":-170.83425903320313},"rotation":{"x":0.018812697380781175,"y":0.19725345075130464,"z":0.0037795533426105978,"w":-0.9801293015480042},"size":11.71892261505127,"orthographic":false}